-- phpMyAdmin SQL Dump
-- version 4.5.1
-- http://www.phpmyadmin.net
--
-- Host: 127.0.0.1
-- Generation Time: May 01, 2018 at 04:47 AM
-- Server version: 10.1.19-MariaDB
-- PHP Version: 5.6.28

SET SQL_MODE = "NO_AUTO_VALUE_ON_ZERO";
SET time_zone = "+00:00";


/*!40101 SET @OLD_CHARACTER_SET_CLIENT=@@CHARACTER_SET_CLIENT */;
/*!40101 SET @OLD_CHARACTER_SET_RESULTS=@@CHARACTER_SET_RESULTS */;
/*!40101 SET @OLD_COLLATION_CONNECTION=@@COLLATION_CONNECTION */;
/*!40101 SET NAMES utf8mb4 */;

--
-- Database: `jb_shop`
--

-- --------------------------------------------------------

--
-- Table structure for table `daily_income`
--

CREATE TABLE `daily_income` (
  `DID` int(3) NOT NULL,
  `Ddate` date DEFAULT NULL,
  `TotalIncome` int(6) DEFAULT NULL
) ENGINE=InnoDB DEFAULT CHARSET=utf8;

--
-- Dumping data for table `daily_income`
--

INSERT INTO `daily_income` (`DID`, `Ddate`, `TotalIncome`) VALUES
(8, '2018-04-30', 160),
(9, '2018-05-01', 245),
(15, '2018-05-01', 245);

-- --------------------------------------------------------

--
-- Table structure for table `employee`
--

CREATE TABLE `employee` (
  `EmpID` int(3) NOT NULL,
  `TypeID` varchar(3) NOT NULL,
  `EmpName` varchar(50) DEFAULT NULL,
  `EmpAddress` varchar(50) DEFAULT NULL,
  `EmpTel` varchar(10) DEFAULT NULL,
  `username` varchar(20) DEFAULT NULL,
  `password` varchar(130) DEFAULT NULL
) ENGINE=InnoDB DEFAULT CHARSET=utf8;

--
-- Dumping data for table `employee`
--

INSERT INTO `employee` (`EmpID`, `TypeID`, `EmpName`, `EmpAddress`, `EmpTel`, `username`, `password`) VALUES
(7, 'ET1', 'admin', 'JB', '987654321', 'admin', '21232f297a57a5a743894a0e4a801fc3'),
(8, 'ET2', 'cn', 'cn', '0987654321', 'cn', '7efdfc94655a25dcea3ec85e9bb703fa');

-- --------------------------------------------------------

--
-- Table structure for table `employeetype`
--

CREATE TABLE `employeetype` (
  `TypeID` varchar(3) NOT NULL,
  `TypeName` varchar(50) DEFAULT NULL
) ENGINE=InnoDB DEFAULT CHARSET=utf8;

--
-- Dumping data for table `employeetype`
--

INSERT INTO `employeetype` (`TypeID`, `TypeName`) VALUES
('ET1', 'admin'),
('ET2', 'cashier'),
('ET3', 'employee');

-- --------------------------------------------------------

--
-- Table structure for table `food`
--

CREATE TABLE `food` (
  `FoodID` varchar(4) NOT NULL,
  `FoodTypeID` varchar(3) NOT NULL,
  `FoodName` varchar(50) DEFAULT NULL,
  `FoodPrice` int(6) DEFAULT NULL,
  `FoodStatus` int(1) DEFAULT NULL,
  `FoodPicture` varchar(50) DEFAULT NULL
) ENGINE=InnoDB DEFAULT CHARSET=utf8;

--
-- Dumping data for table `food`
--

INSERT INTO `food` (`FoodID`, `FoodTypeID`, `FoodName`, `FoodPrice`, `FoodStatus`, `FoodPicture`) VALUES
('F01', 'FT2', 'นมสดเย็น', 20, 1, NULL),
('F02', 'FT2', 'นมสดปั่น', 25, 1, NULL),
('F03', 'FT2', 'ชาเขียวนมสดร้อน', 20, 1, NULL),
('F04', 'FT2', 'ชาเขียวนมสดเย็น', 25, 1, NULL),
('F05', 'FT2', 'ชาเขียวนมสดปั่น', 30, 1, NULL),
('F06', 'FT2', 'ชาไทยร้อน', 20, 1, NULL),
('F07', 'FT2', 'ชาไทยเย็น', 25, 1, NULL),
('F08', 'FT2', 'ไมโลปั่น', 30, 1, NULL),
('F09', 'FT2', 'โอวัลตินร้อน', 20, 1, NULL),
('F10', 'FT2', 'โอวัลตินเย็น', 25, 1, NULL),
('F100', 'FT1', 'ผัดซีอิ๊วทะเล', 40, 1, NULL),
('F101', 'FT1', 'เส้นใหญ่ผัดขี้เมาหมู', 35, 1, NULL),
('F102', 'FT1', 'เส้นใหญ่ผัดขี้เมาทะเล', 40, 1, NULL),
('F103', 'FT1', 'เส้นใหญ่ต้มยำหมู', 35, 1, NULL),
('F104', 'FT1', 'เส้นใหญ่ต้มยำทะเล', 40, 1, NULL),
('F105', 'FT1', 'เส้นใหญ่ผัดไทยห่อไข่', 40, 1, NULL),
('F106', 'FT1', 'เส้นใหญ่ผัดขี้เมาหมู', 35, 1, NULL),
('F107', 'FT1', 'เส้นใหญ่ผัดขี้เมาทะเล', 40, 1, NULL),
('F108', 'FT1', 'เส้นใหญ่คั่วไก่', 35, 1, NULL),
('F109', 'FT1', 'บะหมี่ต้มยำแห้งหมู', 35, 1, NULL),
('F11', 'FT1', 'ข้าวต้มแห้งราดข้าว', 40, 1, NULL),
('F11', 'FT2', 'โอวัลตินปั่น', 25, 1, NULL),
('F110', 'FT1', 'บะหมี่ต้มยำแห้งทะเล', 40, 1, NULL),
('F111', 'FT1', 'บะหมี่ผัดไทยหมู', 35, 1, NULL),
('F112', 'FT1', 'บะหมี่ผัดไทยทะเล', 40, 1, NULL),
('F113', 'FT1', 'บะหมี่คั่วไก่', 35, 1, NULL),
('F114', 'FT1', 'เส้นหรอบผัดไทย', 35, 1, NULL),
('F115', 'FT1', 'มาม่าต้มยำหมู', 35, 1, NULL),
('F116', 'FT1', 'มาม่าต้มยำทะเล', 40, 1, NULL),
('F117', 'FT1', 'มาม่าต้มแซ่บหมู', 35, 1, NULL),
('F118', 'FT1', 'ผัดมาม่าหมู', 35, 1, NULL),
('F119', 'FT1', 'ผัดมาม่าทะเล', 40, 1, NULL),
('F12', 'FT1', 'ข้าวผัดอเมริกัน', 40, 1, NULL),
('F12', 'FT2', 'ชาเนสทีร้อน', 20, 1, NULL),
('F120', 'FT1', 'มาม่าขี้เมาหมู', 35, 1, NULL),
('F121', 'FT1', 'มาม่าขี้เมาทะเล', 40, 1, NULL),
('F122', 'FT1', 'มาม่าผัดไทยหมู', 35, 1, NULL),
('F123', 'FT1', 'มาม่าผัดไทยทะเล', 40, 1, NULL),
('F124', 'FT1', 'ต้มยำมาม่าหมูสับ', 35, 1, NULL),
('F125', 'FT1', 'ต้มยำรวมมิตรทะเล', 60, 1, NULL),
('F126', 'FT1', 'ต้มยำหมู/ไก่/ปลา', 60, 1, NULL),
('F127', 'FT1', 'ต้มยำปลากระป๋อง', 60, 1, NULL),
('F128', 'FT1', 'ต้มจืดเต้าหู้หมูสับ', 60, 1, NULL),
('F129', 'FT1', 'ต้มข่าไก่', 60, 1, NULL),
('F13', 'FT1', 'ข้าวคลุกกะปิ', 35, 1, NULL),
('F13', 'FT2', 'ชาเนสทีเย็น', 25, 1, NULL),
('F130', 'FT1', 'แกงส้มชะอมทอด', 60, 1, NULL),
('F131', 'FT1', 'แกงเขียวหวานหม/ไก่', 60, 1, NULL),
('F132', 'FT1', 'แกงเผ็ดหมู/ไก่/ทะเล', 60, 1, NULL),
('F133', 'FT1', 'ผัดกระเพราหมู/ไก่/ทะเล', 60, 1, NULL),
('F134', 'FT1', 'ผัดพริกแกงหมู/ไก่/ทะเล', 60, 1, NULL),
('F135', 'FT1', 'ผัดผงกระหรี่หมู/ไก่/ทะเล', 60, 1, NULL),
('F136', 'FT1', 'ผัดพริกไทยดำหมู/ไก่/ทะเล', 60, 1, NULL),
('F137', 'FT1', 'ผัดขี้เมาหมู/ไก่/ทะเล', 60, 1, NULL),
('F138', 'FT1', 'ผัดเปรี้ยวหวานหมู/ไก่/ทะเล', 60, 1, NULL),
('F139', 'FT1', 'ผัดพริกเผาหมู/ไก่/ทะเล', 60, 1, NULL),
('F14', 'FT1', 'ข้าวผัดน้ำพริกเสวย', 40, 1, NULL),
('F14', 'FT2', 'ชาเนสทีปั่น', 30, 1, NULL),
('F140', 'FT1', 'ผัดทะเลเดือด', 60, 1, NULL),
('F141', 'FT1', 'ทะเลผัดฉ่า', 60, 1, NULL),
('F142', 'FT1', 'คะน้าหมูกรอบ', 60, 1, NULL),
('F143', 'FT1', 'พะแนงหมู/ไก่/ทะเล', 60, 1, NULL),
('F144', 'FT1', 'แหนมผัดไข่', 60, 1, NULL),
('F145', 'FT1', 'ไข่ยัดไส้', 60, 1, NULL),
('F146', 'FT1', 'เต้าหู้หมูสับ', 60, 1, NULL),
('F147', 'FT1', 'ปลาหมึกผัดไข่เค็ม', 40, 1, NULL),
('F148', 'FT1', 'หมูสับผัดไข่เค็ม', 60, 1, NULL),
('F149', 'FT1', 'หมูผัดกะปิ', 60, 1, NULL),
('F15', 'FT1', 'ข้าวผัดน้ำพริกกะปิ', 40, 1, NULL),
('F15', 'FT2', 'โกโก้ร้อน', 20, 1, NULL),
('F150', 'FT1', 'ชุดน้ำพริกกะปิ', 60, 1, NULL),
('F151', 'FT1', 'ผัดผักบุ้งหมูสับ/หมูหรอบ', 45, 1, NULL),
('F152', 'FT1', 'ผัดผักรวมมิตร', 45, 1, NULL),
('F153', 'FT1', 'ปลา 3 รส', 60, 1, NULL),
('F154', 'FT1', 'หมูทอดกะเทียม', 60, 1, NULL),
('F155', 'FT1', 'ปีกไก่ทอด', 50, 1, NULL),
('F156', 'FT1', 'ไข่เจียว', 35, 1, NULL),
('F157', 'FT1', 'ไข่เจียวหมูสับ', 45, 1, NULL),
('F158', 'FT1', 'ยำรวมมิตรทะเล', 60, 1, NULL),
('F159', 'FT1', 'ยำมาม่า', 60, 1, NULL),
('F16', 'FT1', 'ข้าวอบกุนเชียง', 40, 1, NULL),
('F16', 'FT2', 'โกโก้เย็น', 25, 1, NULL),
('F160', 'FT1', 'ยำหมูยอ', 60, 1, NULL),
('F161', 'FT1', 'ยำไข่เยี่ยวม้า', 60, 1, NULL),
('F162', 'FT1', 'ยำวุ้นเส้น', 60, 1, NULL),
('F163', 'FT1', 'ยำไก่กรอบ', 60, 1, NULL),
('F165', 'FT1', 'ยำไข่เค็ม', 60, 1, NULL),
('F166', 'FT1', 'ยำไข่ดาว', 60, 1, NULL),
('F167', 'FT1', 'ยำหมูกรอบ', 60, 1, NULL),
('F168', 'FT1', 'ยำผักบุ้งหรอบ', 60, 1, NULL),
('F169', 'FT1', 'ส้มตำ', 30, 1, NULL),
('F17', 'FT1', 'ข้าวอบสัปปะรด', 40, 1, NULL),
('F17', 'FT2', 'โกโก้ปั่น', 30, 1, NULL),
('F170', 'FT1', 'ลาบหมู', 50, 1, NULL),
('F171', 'FT1', 'หมูน้ำตก', 50, 1, NULL),
('F18', 'FT2', 'โค้กขวดเล็ก', 12, 1, NULL),
('F19', 'FT2', 'โค้กขวดใหญ่', 30, 1, NULL),
('F20', 'FT1', 'แจ่วฮ้อนหมู', 35, 1, NULL),
('F21', 'FT1', 'ข้าวผัดน้ำพริกเสวย', 40, 1, NULL),
('F22', 'FT1', 'ข้าวผัดน้ำพริกกะปิ', 40, 1, NULL),
('F23', 'FT1', 'ข้าวอบกุนเชียง', 40, 1, NULL),
('F24', 'FT1', 'ข้าวอบสัปปะรด', 40, 1, NULL),
('F25', 'FT1', 'ข้าวไข่ยัดไส้', 40, 1, NULL),
('F26', 'FT1', 'ข้าวผัดแหนม', 40, 1, NULL),
('F27', 'FT1', 'ผัดขี้เมา', 35, 1, NULL),
('F28', 'FT1', 'ข้าวผัดหมู', 40, 1, NULL),
('F29', 'FT1', 'ข้าวผัดไก่', 35, 1, NULL),
('F30', 'FT1', 'ข้าวผัดต้มยำหมู', 40, 1, NULL),
('F31', 'FT1', 'ข้าวผัดต้มยำหมู', 35, 1, NULL),
('F32', 'FT1', 'ข้าวผัดปลากระป๋อง', 35, 1, NULL),
('F33', 'FT1', 'ข้าวผัดปลาทู', 35, 1, NULL),
('F34', 'FT1', 'ข้าวกระเพราหมู', 35, 1, NULL),
('F35', 'FT1', 'ข้าวกระเพราไก่', 40, 1, NULL),
('F36', 'FT1', 'ข้าวกระเพราหมูกรอบ', 35, 1, NULL),
('F37', 'FT1', 'ข้าวกระเพราไข่เยี่ยวม้า', 40, 1, NULL),
('F38', 'FT1', 'ข้าวผัดพริกไทยดำหมู', 35, 1, NULL),
('F39', 'FT1', 'ข้าวผัดพริกไทยดำไก่', 40, 1, NULL),
('F40', 'FT1', 'ข้าวผัดขี้เมาหมู', 35, 1, NULL),
('F42', 'FT1', 'ข้าวผัดขี้เมาไก่', 40, 1, NULL),
('F43', 'FT1', 'ข้าวผัดพริกแกงหมู', 35, 1, NULL),
('F44', 'FT1', 'ข้าวผัดพริกแกงไก่', 35, 0, NULL),
('F45', 'FT1', 'พะแนงหมู', 35, 1, NULL),
('F46', 'FT1', 'พะแนงไก่', 40, 1, NULL),
('F47', 'FT1', 'แกงเขียวหวานหมู', 35, 1, NULL),
('F48', 'FT1', 'แกงเขียวหวานไก่', 40, 1, NULL),
('F49', 'FT1', 'ผัดเปรี้ยวหวานหมู', 35, 1, NULL),
('F50', 'FT1', 'ผัดเปรี้ยวหวานไก่', 40, 1, NULL),
('F51', 'FT1', 'ข้าวไข่ข้นต้มยำ', 45, 1, NULL),
('F52', 'FT1', 'ข้าวต้มแห้งราดข้าว', 40, 1, NULL),
('F53', 'FT1', 'ข้าวผัดอเมริกัน', 40, 1, NULL),
('F54', 'FT1', 'ข้าวคลุกกะปิ', 35, 1, NULL),
('F55', 'FT1', 'หมูผัดกะปิ', 35, 1, NULL),
('F56', 'FT1', 'ผัดผงกระหรี่หมู', 35, 1, NULL),
('F57', 'FT1', 'ผัดผงกระหรี่ไก่', 35, 1, NULL),
('F58', 'FT1', 'คะน้าหมู', 35, 1, NULL),
('F59', 'FT1', 'คะน้าหมูกรอบ', 35, 1, NULL),
('F60', 'FT1', 'คะน้าน้ำมันหอยหมูสับ', 35, 1, NULL),
('F61', 'FT1', 'ปลาหมึกผัดไข่เค็ม', 40, 1, NULL),
('F62', 'FT1', 'ผัดเผ็ดหมู', 35, 1, NULL),
('F63', 'FT1', 'ผัดเผ็ดไก่', 35, 1, NULL),
('F64', 'FT1', 'เต้าหมู้หมูสับ', 35, 1, NULL),
('F65', 'FT1', 'หมูสับวุ้นเส้นผัดไข่', 35, 1, NULL),
('F66', 'FT1', 'ผัดผักบุ้งหมูสับ', 35, 1, NULL),
('F67', 'FT1', 'ผัดผักรวม', 35, 1, NULL),
('F68', 'FT1', 'แหนมผัดไข่', 40, 1, NULL),
('F69', 'FT1', 'ไข่ระเบิด', 40, 1, NULL),
('F70', 'FT1', 'ทะเลเดือด', 40, 1, NULL),
('F71', 'FT1', 'ทะเลผัดฉ่า', 40, 1, NULL),
('F72', 'FT1', 'ฉู่ฉี่ไก่ทอด', 35, 1, NULL),
('F73', 'FT1', 'ฉู่ฉี่ปลาทอด', 35, 1, NULL),
('F74', 'FT1', 'ข้าวยำไก่กรอบ', 35, 1, NULL),
('F75', 'FT1', 'ข้าวยำผักบุ้งกรอบ', 40, 1, NULL),
('F76', 'FT1', 'หมูทอดกระเทียม', 35, 1, NULL),
('F77', 'FT1', 'ข้าวไข่เจียว', 25, 1, NULL),
('F78', 'FT1', 'ข้าวไข่เค็มหมูสับ', 35, 1, NULL),
('F79', 'FT1', 'สุกี้น้ำ', 35, 1, NULL),
('F80', 'FT1', 'สุกี้แห้งหมู', 35, 1, NULL),
('F81', 'FT1', 'สุกี้ไก่', 35, 1, NULL),
('F82', 'FT1', 'สปาเก็ตตี้ต้มยำหมู', 40, 1, NULL),
('F83', 'FT1', 'สปาเก็ตตี้ราดซอสหมู', 40, 1, NULL),
('F84', 'FT1', 'สปาเก็ตตี้ขี้เมาหมู', 40, 1, NULL),
('F85', 'FT1', 'สปาเก็ตตี้ราดแกงเขียวหวาน', 40, 1, NULL),
('F86', 'FT1', 'สปาเก็ตตี้ผัดไทยหมู', 40, 1, NULL),
('F87', 'FT1', 'สปาเก็ตตี้ผัดพริกไทยดำหมู', 40, 1, NULL),
('F88', 'FT1', 'สปาเก็ตตี้ผัดพริกเผาหมู', 40, 1, NULL),
('F90', 'FT1', 'สปาเกตตี้ J&B', 40, 1, NULL),
('F91', 'FT1', 'มักกะโรนีต้มยำหมู/ทะเล', 40, 1, NULL),
('F92', 'FT1', 'มักกะโรนีราดซอสหมู/ไก่/ทะเล', 40, 1, NULL),
('F93', 'FT1', 'มักกะโรนีขี้เมาหมู/ทะเล', 40, 1, NULL),
('F94', 'FT1', 'ผัดไทยหมู', 35, 1, NULL),
('F95', 'FT1', 'ผัดไทยทะเล', 40, 1, NULL),
('F96', 'FT1', 'ผัดไทยห่อไข่', 40, 1, NULL),
('F97', 'FT1', 'ราดหน้าหมู', 35, 1, NULL),
('F98', 'FT1', 'ราดหน้าทะเล', 40, 1, NULL),
('F99', 'FT1', 'ผัดซีอิ๊ว', 35, 1, NULL);

-- --------------------------------------------------------

--
-- Table structure for table `food_type`
--

CREATE TABLE `food_type` (
  `FoodTypeID` varchar(3) NOT NULL,
  `FoodTypeName` varchar(50) DEFAULT NULL
) ENGINE=InnoDB DEFAULT CHARSET=utf8;

--
-- Dumping data for table `food_type`
--

INSERT INTO `food_type` (`FoodTypeID`, `FoodTypeName`) VALUES
('FT1', 'อาหาร'),
('FT2', 'เครื่องดื่ม');

-- --------------------------------------------------------

--
-- Table structure for table `orderitem`
--

CREATE TABLE `orderitem` (
  `Orderid` int(3) NOT NULL,
  `EmpID` varchar(3) NOT NULL,
  `TypeID` varchar(3) NOT NULL,
  `DID` varchar(3) NOT NULL,
  `FoodID` varchar(4) NOT NULL,
  `FoodTypeID` varchar(3) NOT NULL,
  `TID` varchar(3) NOT NULL,
  `OrderAmount` int(3) DEFAULT NULL,
  `OrderFoodPrice` int(6) DEFAULT NULL,
  `ItemNote` varchar(50) DEFAULT NULL
) ENGINE=InnoDB DEFAULT CHARSET=utf8;

--
-- Dumping data for table `orderitem`
--

INSERT INTO `orderitem` (`Orderid`, `EmpID`, `TypeID`, `DID`, `FoodID`, `FoodTypeID`, `TID`, `OrderAmount`, `OrderFoodPrice`, `ItemNote`) VALUES
(0, '2', 'ET1', '', 'F02', '', 'T1', 1, 65, ''),
(0, '2', 'ET1', '', 'F02', '', 'T11', 2, 182, ''),
(0, '2', 'ET1', '', 'F02', '', 'T7', 2, 182, ''),
(0, '2', 'ET1', '', 'F03', '', 'T10', 2, 300, ''),
(0, '2', 'ET1', '', 'F03', '', 'T11', 1, 135, ''),
(0, '2', 'ET1', '', 'F03', '', 'T12', 1, 0, ''),
(0, '2', 'ET1', '', 'F03', '', 'T13', 1, 0, ''),
(0, '2', 'ET1', '', 'F03', '', 'T14', 1, 165, ''),
(0, '2', 'ET1', '', 'F03', '', 'T9', 0, 70, ''),
(0, '2', 'ET1', '', 'F04', '', 'T11', 1, 330, ''),
(0, '2', 'ET1', '', 'F04', '', 'T7', 1, 90, 'à¹„à¸¡à¹ˆà¸«à¸§à¸²à¸™'),
(0, '2', 'ET1', '', 'F04', '', 'T8', 1, 90, 'à¹„à¸¡à¹ˆà¸«à¸§à¸²à¸™'),
(0, '2', 'ET1', '', 'F04', '', 'T9', 40, 70, ''),
(0, '2', 'ET1', '', 'F05', '', 'T10', 1, 300, ''),
(0, '2', 'ET1', '', 'F05', '', 'T11', 1, 330, ''),
(0, '2', 'ET1', '', 'F05', '', 'T12', 1, 235, ''),
(0, '2', 'ET1', '', 'F05', '', 'T13', 1, 0, ''),
(0, '2', 'ET1', '', 'F05', '', 'T14', 1, 165, ''),
(0, '2', 'ET1', '', 'F05', '', 'T7', 1, 90, ''),
(0, '2', 'ET1', '', 'F05', '', 'T8', 1, 90, ''),
(0, '2', 'ET1', '', 'F06', '', 'T10', 1, 70, ''),
(0, '2', 'ET1', '', 'F06', '', 'T13', 0, 112, ''),
(0, '2', 'ET1', '', 'F06', '', 'T8', 1, 70, ''),
(0, '2', 'ET1', '', 'F06', '', 'T9', 1, 70, ''),
(0, '2', 'ET1', '', 'F07', '', 'T10', 1, 300, ''),
(0, '2', 'ET1', '', 'F07', '', 'T11', 1, 135, ''),
(0, '2', 'ET1', '', 'F07', '', 'T12', 1, 0, ''),
(0, '2', 'ET1', '', 'F07', '', 'T13', 1, 0, ''),
(0, '2', 'ET1', '', 'F07', '', 'T14', 1, 165, ''),
(0, '2', 'ET1', '', 'F07', '', 'T7', 1, 70, ''),
(0, '2', 'ET1', '', 'F07', '', 'T9', 1, 0, ''),
(0, '2', 'ET1', '', 'F08', '', 'T1', 1, 77, ''),
(0, '2', 'ET1', '', 'F08', '', 'T11', 1, 182, ''),
(0, '2', 'ET1', '', 'F08', '', 'T13', 0, 112, ''),
(0, '2', 'ET1', '', 'F08', '', 'T7', 1, 182, ''),
(0, '2', 'ET1', '', 'F09', '', 'T13', 0, 112, ''),
(0, '2', 'ET1', '', 'F10', '', 'T9', 90, 170, ''),
(0, '2', 'ET1', '', 'F12', '', 'T11', 2, 182, ''),
(0, '2', 'ET1', '', 'F12', '', 'T7', 2, 182, ''),
(0, '2', 'ET1', '', 'F12', '', 'T8', 40, 70, ''),
(0, '2', 'ET1', '', 'F12', '', 'T9', 40, 70, ''),
(0, '2', 'ET1', '', 'F13', '', 'T1', 1, 47, ''),
(0, '2', 'ET1', '', 'F13', '', 'T10', 1, 300, ''),
(0, '2', 'ET1', '', 'F13', '', 'T11', 1, 135, ''),
(0, '2', 'ET1', '', 'F13', '', 'T12', 1, 0, ''),
(0, '2', 'ET1', '', 'F13', '', 'T13', 1, 0, ''),
(0, '2', 'ET1', '', 'F13', '', 'T14', 1, 165, ''),
(0, '2', 'ET1', '', 'F13', '', 'T9', 1, 0, ''),
(0, '2', 'ET1', '', 'F14', '', 'T10', 1, 300, ''),
(0, '2', 'ET1', '', 'F14', '', 'T11', 1, 135, ''),
(0, '2', 'ET1', '', 'F14', '', 'T12', 1, 0, ''),
(0, '2', 'ET1', '', 'F14', '', 'T13', 1, 0, ''),
(0, '2', 'ET1', '', 'F14', '', 'T14', 1, 165, ''),
(0, '2', 'ET1', '', 'F14', '', 'T7', 1, 70, ''),
(0, '2', 'ET1', '', 'F14', '', 'T9', 1, 0, ''),
(0, '2', 'ET1', '', 'F16', '', 'T10', 1, 70, ''),
(0, '2', 'ET1', '', 'F16', '', 'T13', 0, 112, ''),
(0, '2', 'ET1', '', 'F16', '', 'T7', 1, 90, ''),
(0, '2', 'ET1', '', 'F16', '', 'T8', 1, 90, ''),
(0, '2', 'ET1', '', 'F16', '', 'T9', 1, 70, ''),
(0, '2', 'ET1', '', 'F18', '', 'T1', 1, 65, ''),
(0, '2', 'ET1', '', 'F18', '', 'T11', 1, 182, ''),
(0, '2', 'ET1', '', 'F18', '', 'T7', 1, 182, ''),
(0, '2', 'ET1', '', 'F20', '', 'T10', 1, 300, ''),
(0, '2', 'ET1', '', 'F20', '', 'T11', 1, 330, ''),
(0, '2', 'ET1', '', 'F20', '', 'T12', 1, 235, ''),
(0, '2', 'ET1', '', 'F20', '', 'T13', 1, 235, ''),
(0, '2', 'ET1', '', 'F26', '', 'T10', 1, 300, ''),
(0, '2', 'ET1', '', 'F26', '', 'T11', 1, 330, ''),
(0, '2', 'ET1', '', 'F26', '', 'T12', 1, 235, ''),
(0, '2', 'ET1', '', 'F26', '', 'T13', 1, 0, ''),
(0, '2', 'ET1', '', 'F33', '', 'T10', 1, 300, ''),
(0, '2', 'ET1', '', 'F33', '', 'T11', 1, 330, ''),
(21, '2', 'ET1', '', 'F05', '', 'T14', 1, 70, ''),
(21, '2', 'ET1', '', 'F16', '', 'T14', 1, 70, ''),
(24, '2', 'ET1', '', 'F04', '', 'T11', 1, 170, 'à¹„à¸¡à¹ˆà¸«à¸§à¸²à¸™'),
(24, '2', 'ET1', '', 'F05', '', 'T11', 1, 170, ''),
(24, '2', 'ET1', '', 'F16', '', 'T11', 1, 170, ''),
(24, '2', 'ET1', '', 'F29', '', 'T11', 2, 170, ''),
(25, '2', 'ET1', '', 'F02', '', 'T1', 1, 65, ''),
(25, '2', 'ET1', '', 'F18', '', 'T1', 1, 65, ''),
(34, '2', 'ET1', '', 'F07', '', 'T9', 1, 105, ''),
(34, '2', 'ET1', '', 'F13', '', 'T9', 1, 105, ''),
(34, '2', 'ET1', '', 'F14', '', 'T9', 1, 105, ''),
(36, '2', 'ET1', '', 'F03', '', 'T12', 1, 135, ''),
(36, '2', 'ET1', '', 'F07', '', 'T12', 1, 135, ''),
(36, '2', 'ET1', '', 'F13', '', 'T12', 1, 135, ''),
(36, '2', 'ET1', '', 'F14', '', 'T12', 1, 135, ''),
(41, '2', 'ET1', '', 'F03', '', 'T13', 1, 200, ''),
(41, '2', 'ET1', '', 'F05', '', 'T13', 1, 200, ''),
(41, '2', 'ET1', '', 'F07', '', 'T13', 1, 200, ''),
(41, '2', 'ET1', '', 'F13', '', 'T13', 1, 200, ''),
(41, '2', 'ET1', '', 'F14', '', 'T13', 1, 200, ''),
(41, '2', 'ET1', '', 'F26', '', 'T13', 1, 200, ''),
(50, '2', 'ET1', '', 'F10', '', 'T9', 30, 135, ''),
(50, '2', 'ET1', '', 'F03', '', 'T9', 30, 135, ''),
(50, '2', 'ET1', '', 'F04', '', 'T9', 30, 135, 'หวานน้อย'),
(51, '2', 'ET1', '', 'F10', '', 'T12', 30, 135, ''),
(51, '2', 'ET1', '', 'F03', '', 'T12', 30, 135, ''),
(51, '2', 'ET1', '', 'F04', '', 'T12', 30, 135, 'หวานน้อย'),
(52, '2', 'ET1', '', 'F10', '', 'T12', 30, 135, ''),
(52, '2', 'ET1', '', 'F03', '', 'T12', 30, 135, ''),
(52, '2', 'ET1', '', 'F04', '', 'T12', 30, 135, 'หวานน้อย'),
(53, '2', 'ET1', '', 'F10', '', 'T12', 30, 135, ''),
(53, '2', 'ET1', '', 'F03', '', 'T12', 30, 135, ''),
(53, '2', 'ET1', '', 'F04', '', 'T12', 30, 135, 'หวานน้อย'),
(54, '2', 'ET1', '', 'F10', '', 'T12', 30, 135, ''),
(54, '2', 'ET1', '', 'F03', '', 'T12', 30, 135, ''),
(54, '2', 'ET1', '', 'F04', '', 'T12', 30, 135, 'หวานน้อย'),
(55, '2', 'ET1', '', 'F10', '', 'T12', 30, 135, ''),
(55, '2', 'ET1', '', 'F03', '', 'T12', 30, 135, ''),
(55, '2', 'ET1', '', 'F04', '', 'T12', 30, 135, 'หวานน้อย'),
(56, '2', 'ET1', '', 'F10', '', 'T12', 30, 135, ''),
(56, '2', 'ET1', '', 'F03', '', 'T12', 30, 135, ''),
(56, '2', 'ET1', '', 'F04', '', 'T12', 30, 135, 'หวานน้อย'),
(57, '2', 'ET1', '', 'F10', '', 'T12', 30, 135, ''),
(57, '2', 'ET1', '', 'F03', '', 'T12', 30, 135, ''),
(57, '2', 'ET1', '', 'F04', '', 'T12', 30, 135, 'หวานน้อย'),
(58, '2', 'ET1', '', 'F10', '', 'T10', 30, 180, ''),
(58, '2', 'ET1', '', 'F03', '', 'T10', 30, 180, ''),
(58, '2', 'ET1', '', 'F04', '', 'T10', 30, 180, 'หวานน้อย'),
(59, '2', 'ET1', '', 'F16', '', 'T2', 40, 40, ''),
(60, '2', 'ET1', '', 'F01', '', 'T9', 0, 45, ''),
(60, '2', 'ET1', '', 'F10', '', 'T9', 1, 45, ''),
(61, '2', 'ET1', '', 'F10', '', 'T7', 1, 75, ''),
(61, '2', 'ET1', '', 'F03', '', 'T7', 1, 75, ''),
(62, '7', 'ET1', '', 'F02', '', 'T10', 1, 125, ''),
(62, '7', 'ET1', '', 'F01', '', 'T10', 1, 125, ''),
(62, '7', 'ET1', '', 'F11', '', 'T10', 1, 125, ''),
(62, '7', 'ET1', '', 'F22', '', 'T10', 1, 125, ''),
(63, '7', 'ET1', '', 'F01', '', 'T10', 1, 60, ''),
(63, '7', 'ET1', '', 'F14', '', 'T10', 1, 60, ''),
(64, '7', 'ET1', '', 'F01', '', 'T10', 1, 100, ''),
(64, '7', 'ET1', '', 'F11', '', 'T10', 1, 100, ''),
(64, '7', 'ET1', '', 'F12', '', 'T10', 1, 100, ''),
(65, '7', 'ET1', '', 'F01', '', 'T11', 1, 85, ''),
(65, '7', 'ET1', '', 'F02', '', 'T11', 1, 85, ''),
(65, '7', 'ET1', '', 'F11', '', 'T11', 1, 85, ''),
(66, '7', 'ET1', '', 'F11', '', 'T1', 1, 160, ''),
(66, '7', 'ET1', '', 'F14', '', 'T1', 1, 160, ''),
(66, '7', 'ET1', '', 'F22', '', 'T1', 1, 160, ''),
(66, '7', 'ET1', '', 'F25', '', 'T1', 1, 160, '');

-- --------------------------------------------------------

--
-- Table structure for table `orders`
--

CREATE TABLE `orders` (
  `Orderid` int(3) NOT NULL,
  `EmpID` varchar(3) NOT NULL,
  `TypeID` varchar(3) NOT NULL,
  `DID` varchar(3) NOT NULL,
  `TID` varchar(3) NOT NULL,
  `Cashier` varchar(3) DEFAULT NULL,
  `AmountPrice` int(6) DEFAULT NULL,
  `TotalCustomer` int(3) DEFAULT NULL,
  `Takehome` int(1) DEFAULT NULL,
  `OrderDate` date NOT NULL,
  `OrderTime` time NOT NULL
) ENGINE=InnoDB DEFAULT CHARSET=utf8;

--
-- Dumping data for table `orders`
--

INSERT INTO `orders` (`Orderid`, `EmpID`, `TypeID`, `DID`, `TID`, `Cashier`, `AmountPrice`, `TotalCustomer`, `Takehome`, `OrderDate`, `OrderTime`) VALUES
(63, '7', 'ET1', '', 'T10', '7', 60, 8, 0, '2018-04-30', '10:38:19'),
(64, '7', 'ET1', '', 'T10', NULL, 100, 2, 0, '2018-04-30', '10:44:04'),
(65, '7', 'ET1', '15', 'T11', '7', 85, 1, 0, '2018-05-01', '04:03:00'),
(66, '7', 'ET1', '15', 'T1', '7', 160, 1, 0, '2018-05-01', '04:03:38');

-- --------------------------------------------------------

--
-- Table structure for table `tables`
--

CREATE TABLE `tables` (
  `TID` varchar(3) NOT NULL,
  `Location` varchar(50) DEFAULT NULL,
  `Status` int(1) DEFAULT NULL
) ENGINE=InnoDB DEFAULT CHARSET=utf8;

--
-- Dumping data for table `tables`
--

INSERT INTO `tables` (`TID`, `Location`, `Status`) VALUES
('T1', 'ข้างใน', 1),
('T10', 'ข้างใน', 1),
('T11', 'ข้างใน', 1),
('T12', 'ข้างนอก', 0),
('T13', 'ข้างนอก', 0),
('T14', 'ข้างนอก', 1),
('T15', 'ข้างนอก', 1),
('T2', 'ข้างใน', 0),
('T3', 'ข้างใน', 1),
('T4', 'ข้างใน', 1),
('T5', 'ข้างใน', 1),
('T6', 'ข้างใน', 1),
('T7', 'ข้างใน', 0),
('T8', 'ข้างใน', 0),
('T9', 'ข้างใน', 0);

--
-- Indexes for dumped tables
--

--
-- Indexes for table `daily_income`
--
ALTER TABLE `daily_income`
  ADD PRIMARY KEY (`DID`),
  ADD UNIQUE KEY `XPKDaily_income` (`DID`);

--
-- Indexes for table `employee`
--
ALTER TABLE `employee`
  ADD PRIMARY KEY (`EmpID`,`TypeID`),
  ADD UNIQUE KEY `XPKEmployee` (`EmpID`,`TypeID`);

--
-- Indexes for table `employeetype`
--
ALTER TABLE `employeetype`
  ADD PRIMARY KEY (`TypeID`),
  ADD UNIQUE KEY `XPKEmployeeType` (`TypeID`);

--
-- Indexes for table `food`
--
ALTER TABLE `food`
  ADD PRIMARY KEY (`FoodID`,`FoodTypeID`),
  ADD UNIQUE KEY `XPKFood` (`FoodID`,`FoodTypeID`);

--
-- Indexes for table `food_type`
--
ALTER TABLE `food_type`
  ADD PRIMARY KEY (`FoodTypeID`),
  ADD UNIQUE KEY `XPKFood_Type` (`FoodTypeID`);

--
-- Indexes for table `orderitem`
--
ALTER TABLE `orderitem`
  ADD KEY `Orderid` (`Orderid`),
  ADD KEY `EmpID` (`EmpID`),
  ADD KEY `TypeID` (`TypeID`),
  ADD KEY `DID` (`DID`),
  ADD KEY `FoodID` (`FoodID`),
  ADD KEY `FoodTypeID` (`FoodTypeID`),
  ADD KEY `TID` (`TID`);

--
-- Indexes for table `orders`
--
ALTER TABLE `orders`
  ADD PRIMARY KEY (`Orderid`),
  ADD KEY `EmpID` (`EmpID`),
  ADD KEY `TypeID` (`TypeID`),
  ADD KEY `DID` (`DID`),
  ADD KEY `TID` (`TID`);

--
-- Indexes for table `tables`
--
ALTER TABLE `tables`
  ADD PRIMARY KEY (`TID`),
  ADD UNIQUE KEY `XPKTable` (`TID`);

--
-- AUTO_INCREMENT for dumped tables
--

--
-- AUTO_INCREMENT for table `daily_income`
--
ALTER TABLE `daily_income`
  MODIFY `DID` int(3) NOT NULL AUTO_INCREMENT, AUTO_INCREMENT=16;
--
-- AUTO_INCREMENT for table `employee`
--
ALTER TABLE `employee`
  MODIFY `EmpID` int(3) NOT NULL AUTO_INCREMENT, AUTO_INCREMENT=9;
--
-- AUTO_INCREMENT for table `orders`
--
ALTER TABLE `orders`
  MODIFY `Orderid` int(3) NOT NULL AUTO_INCREMENT, AUTO_INCREMENT=67;
/*!40101 SET CHARACTER_SET_CLIENT=@OLD_CHARACTER_SET_CLIENT */;
/*!40101 SET CHARACTER_SET_RESULTS=@OLD_CHARACTER_SET_RESULTS */;
/*!40101 SET COLLATION_CONNECTION=@OLD_COLLATION_CONNECTION */;
